timestamp,route,price,currency,departure_date,return_date,airline,flight_number,ticket_link,data_source
2026-08-09T09:24:04,Londres → Ciudad de México,1268,GBP,2026-08-09T14:00:00+01:00,2026-08-16T06:00:00-05:00,Z0,783,,Travelpayouts (cache)
2026-08-09T09:24:04,Londres → Ciudad de México,729,GBP,2026-09-04T08:40:00+01:00,2026-09-17T17:15:00-05:00,FR,347,,Travelpayouts (cache)
2026-08-09T09:24:04,Londres → Ciudad de México,710,GBP,2026-10-27T10:40:00Z,2026-11-06T00:45:00-06:00,FR,1518,,Travelpayouts (cache)
2026-08-09T09:24:04,Londres → Ciudad de México,656,GBP,2026-11-27T21:30:00Z,2026-12-09T00:25:00-06:00,W4,5373,,Travelpayouts (cache)
2026-08-09T09:24:05,Londres → Bilbao,75,GBP,2026-08-24T18:00:00+01:00,2026-08-27T21:40:00+02:00,W9,5363,,Travelpayouts (cache)
2026-08-09T09:24:05,Londres → Bilbao,50,GBP,2026-09-16T18:00:00+01:00,2026-09-23T21:40:00+02:00,W9,5363,,Travelpayouts (cache)
2026-08-09T09:24:05,Londres → Madrid,75,GBP,2026-08-28T08:00:00+01:00,2026-09-06T05:45:00+02:00,W9,5355,,Travelpayouts (cache)
2026-08-09T09:24:05,Londres → Madrid,36,GBP,2026-09-09T06:00:00+01:00,2026-09-16T22:20:00+02:00,U2,8019,,Travelpayouts (cache)
2026-08-09T09:24:05,Londres → Madrid,60,GBP,2026-10-10T19:50:00+01:00,2026-10-12T15:25:00+02:00,FR,5994,,Travelpayouts (cache)
2026-08-09T09:24:06,Londres → París,67,GBP,2026-08-31T19:35:00+01:00,2026-09-03T09:05:00+02:00,U2,8409,,Travelpayouts (cache)
2026-08-09T09:24:06,Londres → París,47,GBP,2026-09-07T19:35:00+01:00,2026-09-09T09:10:00+02:00,U2,8409,,Travelpayouts (cache)
2026-08-09T09:24:06,Londres → París,67,GBP,2026-10-29T19:00:00Z,2026-11-04T14:00:00+01:00,U2,5711,,Travelpayouts (cache)
2026-08-09T09:24:06,Londres → París,64,GBP,2026-11-01T15:55:00Z,2026-11-04T14:00:00+01:00,U2,5711,,Travelpayouts (cache)
2026-08-10T11:28:33,Londres → Ciudad de México,714,GBP,2026-09-04T08:00:00+01:00,2026-09-17T01:15:00-05:00,W9,5355,,Travelpayouts (cache)
2026-08-10T11:28:33,Londres → Ciudad de México,710,GBP,2026-10-27T10:40:00Z,2026-11-06T00:45:00-06:00,FR,1518,,Travelpayouts (cache)
2026-08-10T11:28:33,Londres → Ciudad de México,656,GBP,2026-11-27T21:30:00Z,2026-12-09T00:25:00-06:00,W4,5373,,Travelpayouts (cache)
2026-08-10T11:28:33,Londres → Bilbao,75,GBP,2026-08-24T18:00:00+01:00,2026-08-27T21:40:00+02:00,W9,5363,,Travelpayouts (cache)
2026-08-10T11:28:33,Londres → Bilbao,50,GBP,2026-09-16T18:00:00+01:00,2026-09-23T21:40:00+02:00,W9,5363,,Travelpayouts (cache)
2026-08-10T11:28:33,Londres → Madrid,75,GBP,2026-08-28T08:00:00+01:00,2026-09-06T05:45:00+02:00,W9,5355,,Travelpayouts (cache)
2026-08-10T11:28:33,Londres → Madrid,40,GBP,2026-09-09T06:00:00+01:00,2026-09-16T22:20:00+02:00,U2,8019,,Travelpayouts (cache)
2026-08-10T11:28:33,Londres → Madrid,60,GBP,2026-10-10T19:50:00+01:00,2026-10-12T15:25:00+02:00,FR,5994,,Travelpayouts (cache)
2026-08-10T11:28:34,Londres → París,67,GBP,2026-08-31T19:35:00+01:00,2026-09-03T09:05:00+02:00,U2,8409,,Travelpayouts (cache)
2026-08-10T11:28:34,Londres → París,47,GBP,2026-09-07T19:35:00+01:00,2026-09-09T09:10:00+02:00,U2,8409,,Travelpayouts (cache)
2026-08-10T11:28:34,Londres → París,67,GBP,2026-10-29T19:00:00Z,2026-11-04T14:00:00+01:00,U2,5711,,Travelpayouts (cache)
2026-08-10T11:28:34,Londres → París,64,GBP,2026-11-01T15:55:00Z,2026-11-04T14:00:00+01:00,U2,5711,,Travelpayouts (cache)
2026-08-11T10:28:17,Londres → Ciudad de México,776,GBP,2026-08-31T07:55:00+01:00,2026-09-06T08:40:00-05:00,W9,5355,,Travelpayouts (cache)
2026-08-11T10:28:17,Londres → Ciudad de México,714,GBP,2026-09-04T08:00:00+01:00,2026-09-17T01:15:00-05:00,W9,5355,,Travelpayouts (cache)
2026-08-11T10:28:17,Londres → Ciudad de México,710,GBP,2026-10-27T10:40:00Z,2026-11-06T00:45:00-06:00,FR,1518,,Travelpayouts (cache)
2026-08-11T10:28:17,Londres → Ciudad de México,656,GBP,2026-11-27T21:30:00Z,2026-12-09T00:25:00-06:00,W4,5373,,Travelpayouts (cache)
2026-08-11T10:28:17,Londres → Bilbao,77,GBP,2026-08-24T18:00:00+01:00,2026-08-27T21:40:00+02:00,W9,5363,,Travelpayouts (cache)
2026-08-11T10:28:17,Londres → Bilbao,50,GBP,2026-09-16T18:00:00+01:00,2026-09-23T21:40:00+02:00,W9,5363,,Travelpayouts (cache)
2026-08-11T10:28:18,Londres → Madrid,75,GBP,2026-08-28T08:00:00+01:00,2026-09-06T05:45:00+02:00,W9,5355,,Travelpayouts (cache)
2026-08-11T10:28:18,Londres → Madrid,40,GBP,2026-09-09T06:00:00+01:00,2026-09-16T22:20:00+02:00,U2,8019,,Travelpayouts (cache)
2026-08-11T10:28:18,Londres → Madrid,45,GBP,2026-10-01T06:00:00+01:00,2026-10-01T18:55:00+02:00,FR,5996,,Travelpayouts (cache)
2026-08-11T10:28:18,Londres → París,67,GBP,2026-08-31T15:35:00+01:00,2026-09-03T12:55:00+02:00,U2,4660,,Travelpayouts (cache)
2026-08-11T10:28:18,Londres → París,47,GBP,2026-09-07T19:35:00+01:00,2026-09-09T09:10:00+02:00,U2,8409,,Travelpayouts (cache)
2026-08-11T10:28:18,Londres → París,64,GBP,2026-10-07T15:00:00+01:00,2026-10-15T13:45:00+02:00,VY,8961,,Travelpayouts (cache)
2026-08-11T10:28:18,Londres → París,64,GBP,2026-11-01T15:55:00Z,2026-11-04T14:00:00+01:00,U2,5711,,Travelpayouts (cache)
2026-08-12T10:44:17,Londres → Ciudad de México,776,GBP,2026-08-31T07:55:00+01:00,2026-09-06T08:40:00-05:00,W9,5355,,Travelpayouts (cache)
2026-08-12T10:44:17,Londres → Ciudad de México,707,GBP,2026-09-04T22:00:00+01:00,2026-09-17T11:55:00-05:00,FR,210,,Travelpayouts (cache)
2026-08-12T10:44:17,Londres → Ciudad de México,710,GBP,2026-10-27T10:40:00Z,2026-11-06T00:45:00-06:00,FR,1518,,Travelpayouts (cache)
2026-08-12T10:44:17,Londres → Ciudad de México,651,GBP,2026-11-01T11:40:00Z,2026-11-17T01:55:00-06:00,TS,123,,Travelpayouts (cache)
2026-08-12T10:44:18,Londres → Bilbao,77,GBP,2026-08-24T18:00:00+01:00,2026-08-27T21:40:00+02:00,W9,5363,,Travelpayouts (cache)
2026-08-12T10:44:18,Londres → Bilbao,50,GBP,2026-09-16T18:00:00+01:00,2026-09-23T21:40:00+02:00,W9,5363,,Travelpayouts (cache)
2026-08-12T10:44:19,Londres → Madrid,75,GBP,2026-08-28T08:00:00+01:00,2026-09-06T05:45:00+02:00,W9,5355,,Travelpayouts (cache)
2026-08-12T10:44:19,Londres → Madrid,38,GBP,2026-09-13T06:00:00+01:00,2026-09-19T10:30:00+02:00,U2,8017,,Travelpayouts (cache)
2026-08-12T10:44:19,Londres → Madrid,45,GBP,2026-10-01T06:00:00+01:00,2026-10-01T18:55:00+02:00,FR,5996,,Travelpayouts (cache)
2026-08-12T10:44:20,Londres → París,67,GBP,2026-08-31T15:35:00+01:00,2026-09-03T12:55:00+02:00,U2,4660,,Travelpayouts (cache)
2026-08-12T10:44:20,Londres → París,47,GBP,2026-09-15T19:10:00+01:00,2026-09-23T14:20:00+02:00,U2,2439,,Travelpayouts (cache)
2026-08-12T10:44:20,Londres → París,64,GBP,2026-10-07T15:00:00+01:00,2026-10-15T13:45:00+02:00,VY,8961,,Travelpayouts (cache)
2026-08-12T10:44:20,Londres → París,64,GBP,2026-11-01T15:55:00Z,2026-11-04T14:00:00+01:00,U2,5711,,Travelpayouts (cache)
2026-08-13T10:46:36,Londres → Ciudad de México,776,GBP,2026-08-31T07:55:00+01:00,2026-09-06T08:40:00-05:00,W9,5355,,Travelpayouts (cache)
2026-08-13T10:46:36,Londres → Ciudad de México,705,GBP,2026-09-04T22:00:00+01:00,2026-09-17T06:00:00-05:00,FR,210,,Travelpayouts (cache)
2026-08-13T10:46:36,Londres → Ciudad de México,710,GBP,2026-10-27T10:40:00Z,2026-11-06T00:45:00-06:00,FR,1518,,Travelpayouts (cache)
2026-08-13T10:46:36,Londres → Ciudad de México,651,GBP,2026-11-01T11:40:00Z,2026-11-17T01:55:00-06:00,TS,123,,Travelpayouts (cache)
2026-08-13T10:46:37,Londres → Bilbao,77,GBP,2026-08-24T18:00:00+01:00,2026-08-27T21:40:00+02:00,W9,5363,,Travelpayouts (cache)
2026-08-13T10:46:37,Londres → Bilbao,50,GBP,2026-09-16T18:00:00+01:00,2026-09-23T21:40:00+02:00,W9,5363,,Travelpayouts (cache)
2026-08-13T10:46:37,Londres → Madrid,90,GBP,2026-08-27T08:00:00+01:00,2026-09-03T12:30:00+02:00,W9,5355,,Travelpayouts (cache)
2026-08-13T10:46:37,Londres → Madrid,36,GBP,2026-09-20T06:00:00+01:00,2026-09-24T17:40:00+02:00,U2,8017,,Travelpayouts (cache)
2026-08-13T10:46:37,Londres → Madrid,45,GBP,2026-10-01T06:00:00+01:00,2026-10-01T18:55:00+02:00,FR,5996,,Travelpayouts (cache)
2026-08-13T10:46:37,Londres → París,70,GBP,2026-08-31T15:35:00+01:00,2026-09-03T12:55:00+02:00,U2,4660,,Travelpayouts (cache)
2026-08-13T10:46:37,Londres → París,47,GBP,2026-09-15T19:10:00+01:00,2026-09-23T14:20:00+02:00,U2,2439,,Travelpayouts (cache)
2026-08-13T10:46:37,Londres → París,64,GBP,2026-10-07T15:00:00+01:00,2026-10-15T13:45:00+02:00,VY,8961,,Travelpayouts (cache)
2026-08-13T10:46:37,Londres → París,64,GBP,2026-11-01T15:55:00Z,2026-11-04T14:00:00+01:00,U2,5711,,Travelpayouts (cache)
2026-08-13T11:54:39,Londres → Ciudad de México,776,GBP,2026-08-31T07:55:00+01:00,2026-09-06T08:40:00-05:00,W9,5355,,Travelpayouts (cache)
2026-08-13T11:54:39,Londres → Ciudad de México,706,GBP,2026-09-04T22:00:00+01:00,2026-09-17T06:00:00-05:00,FR,210,,Travelpayouts (cache)
2026-08-13T11:54:39,Londres → Ciudad de México,710,GBP,2026-10-27T10:40:00Z,2026-11-06T00:45:00-06:00,FR,1518,,Travelpayouts (cache)
2026-08-13T11:54:39,Londres → Ciudad de México,651,GBP,2026-11-01T11:40:00Z,2026-11-17T01:55:00-06:00,TS,123,,Travelpayouts (cache)
2026-08-13T11:54:40,Londres → Bilbao,77,GBP,2026-08-24T18:00:00+01:00,2026-08-27T21:40:00+02:00,W9,5363,,Travelpayouts (cache)
2026-08-13T11:54:40,Londres → Bilbao,50,GBP,2026-09-16T18:00:00+01:00,2026-09-23T21:40:00+02:00,W9,5363,,Travelpayouts (cache)
2026-08-13T11:54:40,Londres → Madrid,90,GBP,2026-08-27T08:00:00+01:00,2026-09-03T12:30:00+02:00,W9,5355,,Travelpayouts (cache)
2026-08-13T11:54:40,Londres → Madrid,36,GBP,2026-09-20T06:00:00+01:00,2026-09-24T17:40:00+02:00,U2,8017,,Travelpayouts (cache)
2026-08-13T11:54:40,Londres → Madrid,45,GBP,2026-10-01T06:00:00+01:00,2026-10-01T18:55:00+02:00,FR,5996,,Travelpayouts (cache)
2026-08-13T11:54:41,Londres → París,70,GBP,2026-08-31T15:35:00+01:00,2026-09-03T12:55:00+02:00,U2,4660,,Travelpayouts (cache)
2026-08-13T11:54:41,Londres → París,47,GBP,2026-09-15T19:10:00+01:00,2026-09-23T14:20:00+02:00,U2,2439,,Travelpayouts (cache)
2026-08-13T11:54:41,Londres → París,64,GBP,2026-10-07T15:00:00+01:00,2026-10-15T13:45:00+02:00,VY,8961,,Travelpayouts (cache)
2026-08-13T11:54:41,Londres → París,64,GBP,2026-11-01T15:55:00Z,2026-11-04T14:00:00+01:00,U2,5711,,Travelpayouts (cache)
2026-08-14T10:40:20,Londres → Ciudad de México,776,GBP,2026-08-31T07:55:00+01:00,2026-09-06T08:40:00-05:00,W9,5355,,Travelpayouts (cache)
2026-08-14T10:40:20,Londres → Ciudad de México,721,GBP,2026-09-04T11:35:00+01:00,2026-09-17T06:37:00-05:00,FR,499,,Travelpayouts (cache)
2026-08-14T10:40:20,Londres → Ciudad de México,684,GBP,2026-10-19T06:05:00+01:00,2026-11-06T17:00:00-06:00,W9,5445,,Travelpayouts (cache)
2026-08-14T10:40:20,Londres → Ciudad de México,651,GBP,2026-11-01T11:40:00Z,2026-11-17T01:55:00-06:00,TS,123,,Travelpayouts (cache)
2026-08-14T10:40:21,Londres → Bilbao,94,GBP,2026-08-23T18:00:00+01:00,2026-08-27T21:40:00+02:00,W9,5363,,Travelpayouts (cache)
2026-08-14T10:40:21,Londres → Bilbao,50,GBP,2026-09-16T18:00:00+01:00,2026-09-23T21:40:00+02:00,W9,5363,,Travelpayouts (cache)
2026-08-14T10:40:21,Londres → Madrid,90,GBP,2026-08-27T08:00:00+01:00,2026-09-03T12:30:00+02:00,W9,5355,,Travelpayouts (cache)
2026-08-14T10:40:21,Londres → Madrid,36,GBP,2026-09-20T06:00:00+01:00,2026-09-24T17:40:00+02:00,U2,8017,,Travelpayouts (cache)
2026-08-14T10:40:21,Londres → Madrid,45,GBP,2026-10-01T06:00:00+01:00,2026-10-01T18:55:00+02:00,FR,5996,,Travelpayouts (cache)
2026-08-14T10:40:22,Londres → París,70,GBP,2026-08-31T15:35:00+01:00,2026-09-03T12:55:00+02:00,U2,4660,,Travelpayouts (cache)
2026-08-14T10:40:22,Londres → París,46,GBP,2026-09-14T13:10:00+01:00,2026-09-18T09:05:00+02:00,U2,8411,,Travelpayouts (cache)
2026-08-14T10:40:22,Londres → París,64,GBP,2026-10-07T15:00:00+01:00,2026-10-15T13:45:00+02:00,VY,8961,,Travelpayouts (cache)
2026-08-14T10:40:22,Londres → París,64,GBP,2026-11-01T15:55:00Z,2026-11-04T14:00:00+01:00,U2,5711,,Travelpayouts (cache)
2026-08-15T07:59:32,Londres → Ciudad de México,776,GBP,2026-08-31T07:55:00+01:00,2026-09-06T08:40:00-05:00,W9,5355,,Travelpayouts (cache)
2026-08-15T07:59:32,Londres → Ciudad de México,720,GBP,2026-09-04T11:35:00+01:00,2026-09-17T06:37:00-05:00,FR,499,,Travelpayouts (cache)
2026-08-15T07:59:32,Londres → Ciudad de México,635,GBP,2026-10-30T14:25:00Z,2026-11-08T17:00:00-06:00,U2,5711,,Travelpayouts (cache)
2026-08-15T07:59:32,Londres → Ciudad de México,651,GBP,2026-11-01T11:40:00Z,2026-11-17T01:55:00-06:00,TS,123,,Travelpayouts (cache)
2026-08-15T07:59:33,Londres → Bilbao,94,GBP,2026-08-23T18:00:00+01:00,2026-08-27T21:40:00+02:00,W9,5363,,Travelpayouts (cache)
2026-08-15T07:59:33,Londres → Bilbao,50,GBP,2026-09-16T18:00:00+01:00,2026-09-23T21:40:00+02:00,W9,5363,,Travelpayouts (cache)
2026-08-15T07:59:33,Londres → Madrid,90,GBP,2026-08-27T08:00:00+01:00,2026-09-03T12:30:00+02:00,W9,5355,,Travelpayouts (cache)
2026-08-15T07:59:33,Londres → Madrid,33,GBP,2026-09-14T05:55:00+01:00,2026-09-19T18:00:00+02:00,RK,2628,,Travelpayouts (cache)
2026-08-15T07:59:33,Londres → Madrid,45,GBP,2026-10-01T06:00:00+01:00,2026-10-01T18:55:00+02:00,FR,5996,,Travelpayouts (cache)
2026-08-15T07:59:34,Londres → París,70,GBP,2026-08-31T15:35:00+01:00,2026-09-03T12:55:00+02:00,U2,4660,,Travelpayouts (cache)
2026-08-15T07:59:34,Londres → París,46,GBP,2026-09-14T13:10:00+01:00,2026-09-18T09:05:00+02:00,U2,8411,,Travelpayouts (cache)
2026-08-15T07:59:34,Londres → París,64,GBP,2026-10-07T15:00:00+01:00,2026-10-15T13:45:00+02:00,VY,8961,,Travelpayouts (cache)
2026-08-15T07:59:34,Londres → París,78,GBP,2026-11-06T14:25:00Z,2026-11-08T10:05:00+01:00,U2,5711,,Travelpayouts (cache)
2026-08-16T08:02:05,Londres → Ciudad de México,776,GBP,2026-08-31T07:55:00+01:00,2026-09-06T08:40:00-05:00,W9,5355,,Travelpayouts (cache)
2026-08-16T08:02:05,Londres → Ciudad de México,720,GBP,2026-09-04T11:35:00+01:00,2026-09-17T06:37:00-05:00,FR,499,,Travelpayouts (cache)
2026-08-16T08:02:05,Londres → Ciudad de México,635,GBP,2026-10-30T14:25:00Z,2026-11-08T17:00:00-06:00,U2,5711,,Travelpayouts (cache)
2026-08-16T08:02:05,Londres → Ciudad de México,651,GBP,2026-11-01T11:40:00Z,2026-11-17T01:55:00-06:00,TS,123,,Travelpayouts (cache)
2026-08-16T08:02:08,Londres → Bilbao,94,GBP,2026-08-23T18:00:00+01:00,2026-08-27T21:40:00+02:00,W9,5363,,Travelpayouts (cache)
2026-08-16T08:02:08,Londres → Bilbao,57,GBP,2026-09-08T18:00:00+01:00,2026-09-13T07:40:00+02:00,W9,5363,,Travelpayouts (cache)
2026-08-16T08:02:10,Londres → Madrid,90,GBP,2026-08-19T08:00:00+01:00,2026-08-24T21:25:00+02:00,W9,5355,,Travelpayouts (cache)
2026-08-16T08:02:10,Londres → Madrid,33,GBP,2026-09-14T05:55:00+01:00,2026-09-19T18:00:00+02:00,RK,2628,,Travelpayouts (cache)
2026-08-16T08:02:10,Londres → Madrid,45,GBP,2026-10-01T06:00:00+01:00,2026-10-01T18:55:00+02:00,FR,5996,,Travelpayouts (cache)
2026-08-16T08:02:12,Londres → París,70,GBP,2026-08-31T15:35:00+01:00,2026-09-03T12:55:00+02:00,U2,4660,,Travelpayouts (cache)
2026-08-16T08:02:12,Londres → París,46,GBP,2026-09-14T13:10:00+01:00,2026-09-18T09:05:00+02:00,U2,8411,,Travelpayouts (cache)
2026-08-16T08:02:12,Londres → París,64,GBP,2026-10-07T15:00:00+01:00,2026-10-15T13:45:00+02:00,VY,8961,,Travelpayouts (cache)
2026-08-16T08:02:12,Londres → París,62,GBP,2026-11-19T15:15:00Z,2026-12-10T14:00:00+01:00,VY,8058,,Travelpayouts (cache)
2026-08-17T09:25:16,Londres → Ciudad de México,776,GBP,2026-08-31T07:55:00+01:00,2026-09-06T08:40:00-05:00,W9,5355,,Travelpayouts (cache)
2026-08-17T09:25:16,Londres → Ciudad de México,720,GBP,2026-09-04T11:35:00+01:00,2026-09-17T06:37:00-05:00,FR,499,,Travelpayouts (cache)
2026-08-17T09:25:16,Londres → Ciudad de México,635,GBP,2026-10-30T14:25:00Z,2026-11-08T17:00:00-06:00,U2,5711,,Travelpayouts (cache)
2026-08-17T09:25:16,Londres → Ciudad de México,651,GBP,2026-11-01T11:40:00Z,2026-11-17T01:55:00-06:00,TS,123,,Travelpayouts (cache)
2026-08-17T09:25:17,Londres → Bilbao,100,GBP,2026-08-24T15:05:00+01:00,2026-08-27T21:40:00+02:00,VY,6634,,Travelpayouts (cache)
2026-08-17T09:25:17,Londres → Bilbao,74,GBP,2026-09-24T18:00:00+01:00,2026-09-27T07:40:00+02:00,W9,5363,,Travelpayouts (cache)
2026-08-17T09:25:17,Londres → Madrid,90,GBP,2026-08-19T08:00:00+01:00,2026-08-24T21:25:00+02:00,W9,5355,,Travelpayouts (cache)
2026-08-17T09:25:17,Londres → Madrid,33,GBP,2026-09-14T05:55:00+01:00,2026-09-19T18:00:00+02:00,RK,2628,,Travelpayouts (cache)
2026-08-17T09:25:17,Londres → Madrid,45,GBP,2026-10-10T17:40:00+01:00,2026-10-13T10:40:00+02:00,FR,2628,,Travelpayouts (cache)
2026-08-17T09:25:18,Londres → París,70,GBP,2026-08-31T15:35:00+01:00,2026-09-03T12:55:00+02:00,U2,4660,,Travelpayouts (cache)
2026-08-17T09:25:18,Londres → París,46,GBP,2026-09-14T13:10:00+01:00,2026-09-18T09:05:00+02:00,U2,8411,,Travelpayouts (cache)
2026-08-17T09:25:18,Londres → París,64,GBP,2026-10-07T15:00:00+01:00,2026-10-15T13:45:00+02:00,VY,8961,,Travelpayouts (cache)
2026-08-17T09:25:18,Londres → París,62,GBP,2026-11-19T15:15:00Z,2026-12-10T14:00:00+01:00,VY,8058,,Travelpayouts (cache)
2026-08-18T09:05:44,Londres → Ciudad de México,808,GBP,2026-08-22T08:05:00+01:00,2026-09-12T00:50:00-05:00,RK,596,,Travelpayouts (cache)
2026-08-18T09:05:44,Londres → Ciudad de México,720,GBP,2026-09-04T11:35:00+01:00,2026-09-17T06:37:00-05:00,FR,499,,Travelpayouts (cache)
2026-08-18T09:05:44,Londres → Ciudad de México,635,GBP,2026-10-30T14:25:00Z,2026-11-08T17:00:00-06:00,U2,5711,,Travelpayouts (cache)
2026-08-18T09:05:44,Londres → Ciudad de México,651,GBP,2026-11-01T11:40:00Z,2026-11-17T01:55:00-06:00,TS,123,,Travelpayouts (cache)
2026-08-18T09:05:45,Londres → Bilbao,100,GBP,2026-08-24T15:05:00+01:00,2026-08-27T21:40:00+02:00,VY,6634,,Travelpayouts (cache)
2026-08-18T09:05:45,Londres → Bilbao,74,GBP,2026-09-24T18:00:00+01:00,2026-09-27T07:40:00+02:00,W9,5363,,Travelpayouts (cache)
2026-08-18T09:05:45,Londres → Madrid,90,GBP,2026-08-19T08:00:00+01:00,2026-08-24T21:25:00+02:00,W9,5355,,Travelpayouts (cache)
2026-08-18T09:05:45,Londres → Madrid,33,GBP,2026-09-14T05:55:00+01:00,2026-09-19T18:00:00+02:00,RK,2628,,Travelpayouts (cache)
2026-08-18T09:05:45,Londres → Madrid,45,GBP,2026-10-10T17:40:00+01:00,2026-10-13T10:40:00+02:00,FR,2628,,Travelpayouts (cache)
2026-08-18T09:05:45,Londres → Madrid,35,GBP,2026-11-22T07:45:00Z,2026-11-26T19:15:00+01:00,W9,5371,,Travelpayouts (cache)
2026-08-18T09:05:46,Londres → París,70,GBP,2026-08-31T15:35:00+01:00,2026-09-03T12:55:00+02:00,U2,4660,,Travelpayouts (cache)
2026-08-18T09:05:46,Londres → París,46,GBP,2026-09-14T13:10:00+01:00,2026-09-18T09:05:00+02:00,U2,8411,,Travelpayouts (cache)
2026-08-18T09:05:46,Londres → París,65,GBP,2026-10-10T16:30:00+01:00,2026-10-30T17:10:00+01:00,U2,8405,,Travelpayouts (cache)
2026-08-18T09:05:46,Londres → París,62,GBP,2026-11-19T15:15:00Z,2026-12-10T14:00:00+01:00,VY,8058,,Travelpayouts (cache)
2026-08-19T09:07:54,Londres → Ciudad de México,808,GBP,2026-08-22T08:05:00+01:00,2026-09-12T00:50:00-05:00,RK,596,,Travelpayouts (cache)
2026-08-19T09:07:54,Londres → Ciudad de México,746,GBP,2026-09-04T08:40:00+01:00,2026-09-17T20:45:00-05:00,FR,347,,Travelpayouts (cache)
2026-08-19T09:07:54,Londres → Ciudad de México,635,GBP,2026-10-30T14:25:00Z,2026-11-08T17:00:00-06:00,U2,5711,,Travelpayouts (cache)
2026-08-19T09:07:54,Londres → Ciudad de México,704,GBP,2026-11-16T07:45:00Z,2026-11-23T01:55:00-06:00,W9,5371,,Travelpayouts (cache)
2026-08-19T09:07:55,Londres → Bilbao,85,GBP,2026-08-25T18:00:00+01:00,2026-08-28T21:40:00+02:00,W9,5363,,Travelpayouts (cache)
2026-08-19T09:07:55,Londres → Bilbao,45,GBP,2026-09-19T18:00:00+01:00,2026-09-25T21:40:00+02:00,W9,5363,,Travelpayouts (cache)
2026-08-19T09:07:55,Londres → Bilbao,39,GBP,2026-11-02T13:45:00Z,2026-11-04T17:25:00+01:00,W9,5363,,Travelpayouts (cache)
2026-08-19T09:07:55,Londres → Madrid,94,GBP,2026-08-27T08:00:00+01:00,2026-09-03T17:40:00+02:00,W9,5355,,Travelpayouts (cache)
2026-08-19T09:07:55,Londres → Madrid,33,GBP,2026-09-14T05:55:00+01:00,2026-09-19T18:00:00+02:00,RK,2628,,Travelpayouts (cache)
2026-08-19T09:07:55,Londres → Madrid,45,GBP,2026-10-10T17:40:00+01:00,2026-10-13T10:40:00+02:00,FR,2628,,Travelpayouts (cache)
2026-08-19T09:07:55,Londres → Madrid,35,GBP,2026-11-22T07:45:00Z,2026-11-26T19:15:00+01:00,W9,5371,,Travelpayouts (cache)
2026-08-19T09:07:56,Londres → París,70,GBP,2026-08-31T15:35:00+01:00,2026-09-03T12:55:00+02:00,U2,4660,,Travelpayouts (cache)
2026-08-19T09:07:56,Londres → París,46,GBP,2026-09-14T13:10:00+01:00,2026-09-18T09:05:00+02:00,U2,8411,,Travelpayouts (cache)
2026-08-19T09:07:56,Londres → París,65,GBP,2026-10-10T16:30:00+01:00,2026-10-30T17:10:00+01:00,U2,8405,,Travelpayouts (cache)
2026-08-19T09:07:56,Londres → París,62,GBP,2026-11-19T15:15:00Z,2026-12-10T14:00:00+01:00,VY,8058,,Travelpayouts (cache)
2026-08-20T09:08:07,Londres → Ciudad de México,1017,GBP,2026-08-24T12:40:00+01:00,2026-08-31T06:20:00-05:00,TS,123,,Travelpayouts (cache)
2026-08-20T09:08:07,Londres → Ciudad de México,746,GBP,2026-09-04T08:40:00+01:00,2026-09-17T20:45:00-05:00,FR,347,,Travelpayouts (cache)
2026-08-20T09:08:07,Londres → Ciudad de México,635,GBP,2026-10-30T14:25:00Z,2026-11-08T17:00:00-06:00,U2,5711,,Travelpayouts (cache)
2026-08-20T09:08:07,Londres → Ciudad de México,704,GBP,2026-11-16T07:45:00Z,2026-11-23T01:55:00-06:00,W9,5371,,Travelpayouts (cache)
2026-08-20T09:08:08,Londres → Bilbao,84,GBP,2026-08-25T18:00:00+01:00,2026-08-28T21:40:00+02:00,W9,5363,,Travelpayouts (cache)
2026-08-20T09:08:08,Londres → Bilbao,45,GBP,2026-09-19T18:00:00+01:00,2026-09-25T21:40:00+02:00,W9,5363,,Travelpayouts (cache)
2026-08-20T09:08:08,Londres → Bilbao,39,GBP,2026-11-02T13:45:00Z,2026-11-04T17:25:00+01:00,W9,5363,,Travelpayouts (cache)
2026-08-20T09:08:08,Londres → Madrid,94,GBP,2026-08-27T08:00:00+01:00,2026-09-03T17:40:00+02:00,W9,5355,,Travelpayouts (cache)
2026-08-20T09:08:08,Londres → Madrid,33,GBP,2026-09-14T05:55:00+01:00,2026-09-19T18:00:00+02:00,RK,2628,,Travelpayouts (cache)
2026-08-20T09:08:08,Londres → Madrid,45,GBP,2026-10-10T17:40:00+01:00,2026-10-13T10:40:00+02:00,FR,2628,,Travelpayouts (cache)
2026-08-20T09:08:08,Londres → Madrid,35,GBP,2026-11-22T07:45:00Z,2026-11-26T19:15:00+01:00,W9,5371,,Travelpayouts (cache)
2026-08-20T09:08:09,Londres → París,75,GBP,2026-08-31T15:35:00+01:00,2026-09-03T12:55:00+02:00,U2,4660,,Travelpayouts (cache)
2026-08-20T09:08:09,Londres → París,46,GBP,2026-09-14T13:10:00+01:00,2026-09-18T09:05:00+02:00,U2,8411,,Travelpayouts (cache)
2026-08-20T09:08:09,Londres → París,65,GBP,2026-10-10T16:30:00+01:00,2026-10-30T17:10:00+01:00,U2,8405,,Travelpayouts (cache)
2026-08-20T09:08:09,Londres → París,62,GBP,2026-11-19T15:15:00Z,2026-12-10T14:00:00+01:00,VY,8058,,Travelpayouts (cache)
2026-08-21T09:19:36,Londres → Ciudad de México,1017,GBP,2026-08-24T12:40:00+01:00,2026-08-31T06:20:00-05:00,TS,123,,Travelpayouts (cache)
2026-08-21T09:19:36,Londres → Ciudad de México,746,GBP,2026-09-04T08:40:00+01:00,2026-09-17T20:45:00-05:00,FR,347,,Travelpayouts (cache)
2026-08-21T09:19:36,Londres → Ciudad de México,635,GBP,2026-10-30T14:25:00Z,2026-11-08T17:00:00-06:00,U2,5711,,Travelpayouts (cache)
2026-08-21T09:19:37,Londres → Bilbao,84,GBP,2026-08-25T18:00:00+01:00,2026-08-28T21:40:00+02:00,W9,5363,,Travelpayouts (cache)
2026-08-21T09:19:37,Londres → Bilbao,45,GBP,2026-09-19T18:00:00+01:00,2026-09-25T21:40:00+02:00,W9,5363,,Travelpayouts (cache)
2026-08-21T09:19:37,Londres → Bilbao,39,GBP,2026-11-02T13:45:00Z,2026-11-04T17:25:00+01:00,W9,5363,,Travelpayouts (cache)
2026-08-21T09:19:37,Londres → Madrid,94,GBP,2026-08-27T08:00:00+01:00,2026-09-03T17:40:00+02:00,W9,5355,,Travelpayouts (cache)
2026-08-21T09:19:37,Londres → Madrid,32,GBP,2026-09-28T06:00:00+01:00,2026-10-06T17:45:00+02:00,U2,8019,,Travelpayouts (cache)
2026-08-21T09:19:37,Londres → Madrid,45,GBP,2026-10-10T17:40:00+01:00,2026-10-13T10:40:00+02:00,FR,2628,,Travelpayouts (cache)
2026-08-21T09:19:37,Londres → Madrid,35,GBP,2026-11-22T07:45:00Z,2026-11-26T19:15:00+01:00,W9,5371,,Travelpayouts (cache)
2026-08-21T09:19:38,Londres → París,75,GBP,2026-08-31T15:35:00+01:00,2026-09-03T12:55:00+02:00,U2,4660,,Travelpayouts (cache)
2026-08-21T09:19:38,Londres → París,44,GBP,2026-09-20T16:25:00+01:00,2026-09-26T12:35:00+02:00,U2,8405,,Travelpayouts (cache)
2026-08-21T09:19:38,Londres → París,65,GBP,2026-10-10T16:30:00+01:00,2026-10-30T17:10:00+01:00,U2,8405,,Travelpayouts (cache)
2026-08-21T09:19:38,Londres → París,62,GBP,2026-11-19T15:15:00Z,2026-12-10T14:00:00+01:00,VY,8058,,Travelpayouts (cache)
2026-08-22T08:02:22,Londres → Ciudad de México,791,GBP,2026-08-28T10:00:00+01:00,2026-09-06T20:45:00-05:00,BY,64,,Travelpayouts (cache)
2026-08-22T08:02:22,Londres → Ciudad de México,644,GBP,2026-09-01T09:15:00+01:00,2026-09-11T06:37:00-05:00,BY,48,,Travelpayouts (cache)
2026-08-22T08:02:22,Londres → Ciudad de México,684,GBP,2026-10-31T07:15:00Z,2026-11-07T17:00:00-06:00,U2,2435,,Travelpayouts (cache)
2026-08-22T08:02:22,Londres → Ciudad de México,611,GBP,2026-11-10T09:50:00Z,2026-11-25T08:40:00-06:00,EI,155,,Travelpayouts (cache)
2026-08-22T08:02:23,Londres → Bilbao,84,GBP,2026-08-25T18:00:00+01:00,2026-08-28T21:40:00+02:00,W9,5363,,Travelpayouts (cache)
2026-08-22T08:02:23,Londres → Bilbao,45,GBP,2026-09-12T18:00:00+01:00,2026-09-19T21:40:00+02:00,W9,5363,,Travelpayouts (cache)
2026-08-22T08:02:23,Londres → Bilbao,39,GBP,2026-11-02T13:45:00Z,2026-11-04T17:25:00+01:00,W9,5363,,Travelpayouts (cache)
2026-08-22T08:02:23,Londres → Madrid,94,GBP,2026-08-27T08:00:00+01:00,2026-09-03T17:40:00+02:00,W9,5355,,Travelpayouts (cache)
2026-08-22T08:02:23,Londres → Madrid,32,GBP,2026-09-28T06:00:00+01:00,2026-10-06T17:45:00+02:00,U2,8019,,Travelpayouts (cache)
2026-08-22T08:02:23,Londres → Madrid,45,GBP,2026-10-10T17:40:00+01:00,2026-10-13T10:40:00+02:00,FR,2628,,Travelpayouts (cache)
2026-08-22T08:02:23,Londres → Madrid,35,GBP,2026-11-22T07:45:00Z,2026-11-26T19:15:00+01:00,W9,5371,,Travelpayouts (cache)
2026-08-22T08:02:24,Londres → París,75,GBP,2026-08-31T15:35:00+01:00,2026-09-03T12:55:00+02:00,U2,4660,,Travelpayouts (cache)
2026-08-22T08:02:24,Londres → París,44,GBP,2026-09-20T16:25:00+01:00,2026-09-26T12:35:00+02:00,U2,8405,,Travelpayouts (cache)
2026-08-22T08:02:24,Londres → París,65,GBP,2026-10-10T16:30:00+01:00,2026-10-30T17:10:00+01:00,U2,8405,,Travelpayouts (cache)
2026-08-22T08:02:24,Londres → París,62,GBP,2026-11-19T15:15:00Z,2026-12-10T14:00:00+01:00,VY,8058,,Travelpayouts (cache)
2026-08-23T08:03:16,Londres → Ciudad de México,791,GBP,2026-08-28T10:00:00+01:00,2026-09-06T20:45:00-05:00,BY,64,,Travelpayouts (cache)
2026-08-23T08:03:16,Londres → Ciudad de México,644,GBP,2026-09-01T09:15:00+01:00,2026-09-11T06:37:00-05:00,BY,48,,Travelpayouts (cache)
2026-08-23T08:03:16,Londres → Ciudad de México,712,GBP,2026-10-02T10:00:00+01:00,2026-10-10T01:15:00-05:00,BY,64,,Travelpayouts (cache)
2026-08-23T08:03:16,Londres → Ciudad de México,611,GBP,2026-11-10T09:50:00Z,2026-11-25T08:40:00-06:00,EI,155,,Travelpayouts (cache)
2026-08-23T08:03:17,Londres → Bilbao,107,GBP,2026-08-25T18:00:00+01:00,2026-09-01T21:40:00+02:00,W9,5363,,Travelpayouts (cache)
2026-08-23T08:03:17,Londres → Bilbao,45,GBP,2026-09-12T18:00:00+01:00,2026-09-19T21:40:00+02:00,W9,5363,,Travelpayouts (cache)
2026-08-23T08:03:17,Londres → Bilbao,54,GBP,2026-10-16T18:00:00+01:00,2026-10-19T07:45:00+02:00,W9,5363,,Travelpayouts (cache)
2026-08-23T08:03:17,Londres → Bilbao,39,GBP,2026-11-02T13:45:00Z,2026-11-04T17:25:00+01:00,W9,5363,,Travelpayouts (cache)
2026-08-23T08:03:17,Londres → Madrid,94,GBP,2026-08-27T08:00:00+01:00,2026-09-03T17:40:00+02:00,W9,5355,,Travelpayouts (cache)
2026-08-23T08:03:17,Londres → Madrid,32,GBP,2026-09-28T06:00:00+01:00,2026-10-06T17:45:00+02:00,U2,8019,,Travelpayouts (cache)
2026-08-23T08:03:17,Londres → Madrid,45,GBP,2026-10-10T17:40:00+01:00,2026-10-13T10:40:00+02:00,FR,2628,,Travelpayouts (cache)
2026-08-23T08:03:17,Londres → Madrid,35,GBP,2026-11-22T07:45:00Z,2026-11-26T19:15:00+01:00,W9,5371,,Travelpayouts (cache)
2026-08-23T08:03:18,Londres → París,75,GBP,2026-08-31T15:35:00+01:00,2026-09-03T12:55:00+02:00,U2,4660,,Travelpayouts (cache)
2026-08-23T08:03:18,Londres → París,44,GBP,2026-09-20T16:25:00+01:00,2026-09-26T12:35:00+02:00,U2,8405,,Travelpayouts (cache)
2026-08-23T08:03:18,Londres → París,65,GBP,2026-10-10T16:30:00+01:00,2026-10-30T17:10:00+01:00,U2,8405,,Travelpayouts (cache)
2026-08-23T08:03:18,Londres → París,62,GBP,2026-11-16T11:35:00Z,2026-11-19T10:10:00+01:00,U2,5711,,Travelpayouts (cache)
2026-08-24T09:32:08,Londres → Ciudad de México,791,GBP,2026-08-28T10:00:00+01:00,2026-09-06T20:45:00-05:00,BY,64,,Travelpayouts (cache)
2026-08-24T09:32:08,Londres → Ciudad de México,644,GBP,2026-09-01T09:15:00+01:00,2026-09-11T06:37:00-05:00,BY,48,,Travelpayouts (cache)
2026-08-24T09:32:08,Londres → Ciudad de México,712,GBP,2026-10-02T10:00:00+01:00,2026-10-10T01:15:00-05:00,BY,64,,Travelpayouts (cache)
2026-08-24T09:32:08,Londres → Ciudad de México,611,GBP,2026-11-10T09:50:00Z,2026-11-25T08:40:00-06:00,EI,155,,Travelpayouts (cache)
2026-08-24T09:32:09,Londres → Bilbao,107,GBP,2026-08-25T18:00:00+01:00,2026-09-01T21:40:00+02:00,W9,5363,,Travelpayouts (cache)
2026-08-24T09:32:09,Londres → Bilbao,45,GBP,2026-09-12T18:00:00+01:00,2026-09-19T21:40:00+02:00,W9,5363,,Travelpayouts (cache)
2026-08-24T09:32:09,Londres → Bilbao,54,GBP,2026-10-16T18:00:00+01:00,2026-10-19T07:45:00+02:00,W9,5363,,Travelpayouts (cache)
2026-08-24T09:32:09,Londres → Bilbao,39,GBP,2026-11-02T13:45:00Z,2026-11-04T17:25:00+01:00,W9,5363,,Travelpayouts (cache)
2026-08-24T09:32:09,Londres → Madrid,94,GBP,2026-08-27T08:00:00+01:00,2026-09-03T17:40:00+02:00,W9,5355,,Travelpayouts (cache)
2026-08-24T09:32:09,Londres → Madrid,32,GBP,2026-09-28T06:00:00+01:00,2026-10-06T17:45:00+02:00,U2,8019,,Travelpayouts (cache)
2026-08-24T09:32:09,Londres → Madrid,51,GBP,2026-10-27T08:20:00Z,2026-10-28T06:35:00+01:00,FR,499,,Travelpayouts (cache)
2026-08-24T09:32:09,Londres → Madrid,35,GBP,2026-11-22T07:45:00Z,2026-11-26T19:15:00+01:00,W9,5371,,Travelpayouts (cache)
2026-08-24T09:32:10,Londres → París,77,GBP,2026-08-31T15:35:00+01:00,2026-09-04T10:40:00+02:00,U2,4660,,Travelpayouts (cache)
2026-08-24T09:32:10,Londres → París,44,GBP,2026-09-20T16:25:00+01:00,2026-09-26T12:35:00+02:00,U2,8405,,Travelpayouts (cache)
2026-08-24T09:32:10,Londres → París,68,GBP,2026-10-01T16:30:00+01:00,2026-10-08T12:55:00+02:00,U2,8405,,Travelpayouts (cache)
2026-08-24T09:32:10,Londres → París,62,GBP,2026-11-16T11:35:00Z,2026-11-19T10:10:00+01:00,U2,5711,,Travelpayouts (cache)
2026-08-25T09:19:50,Londres → Ciudad de México,791,GBP,2026-08-28T10:00:00+01:00,2026-09-06T20:45:00-05:00,BY,64,,Travelpayouts (cache)
2026-08-25T09:19:50,Londres → Ciudad de México,644,GBP,2026-09-01T09:15:00+01:00,2026-09-11T06:37:00-05:00,BY,48,,Travelpayouts (cache)
2026-08-25T09:19:50,Londres → Ciudad de México,712,GBP,2026-10-02T10:00:00+01:00,2026-10-10T01:15:00-05:00,BY,64,,Travelpayouts (cache)
2026-08-25T09:19:50,Londres → Ciudad de México,611,GBP,2026-11-10T09:50:00Z,2026-11-25T08:40:00-06:00,EI,155,,Travelpayouts (cache)
2026-08-25T09:19:50,Londres → Bilbao,107,GBP,2026-08-25T18:00:00+01:00,2026-09-01T21:40:00+02:00,W9,5363,,Travelpayouts (cache)
2026-08-25T09:19:50,Londres → Bilbao,45,GBP,2026-09-12T18:00:00+01:00,2026-09-19T21:40:00+02:00,W9,5363,,Travelpayouts (cache)
2026-08-25T09:19:50,Londres → Bilbao,54,GBP,2026-10-16T18:00:00+01:00,2026-10-19T07:45:00+02:00,W9,5363,,Travelpayouts (cache)
2026-08-25T09:19:50,Londres → Bilbao,39,GBP,2026-11-02T13:45:00Z,2026-11-04T17:25:00+01:00,W9,5363,,Travelpayouts (cache)
2026-08-25T09:19:51,Londres → Madrid,97,GBP,2026-08-27T08:00:00+01:00,2026-09-03T17:40:00+02:00,W9,5355,,Travelpayouts (cache)
2026-08-25T09:19:51,Londres → Madrid,32,GBP,2026-09-28T06:00:00+01:00,2026-10-06T17:45:00+02:00,U2,8019,,Travelpayouts (cache)
2026-08-25T09:19:51,Londres → Madrid,37,GBP,2026-10-07T18:10:00+01:00,2026-10-14T22:20:00+02:00,U2,2365,,Travelpayouts (cache)
2026-08-25T09:19:51,Londres → Madrid,48,GBP,2026-11-28T07:45:00Z,2026-11-29T20:40:00+01:00,W9,5371,,Travelpayouts (cache)
2026-08-25T09:19:51,Londres → París,77,GBP,2026-08-31T15:35:00+01:00,2026-09-04T10:40:00+02:00,U2,4660,,Travelpayouts (cache)
2026-08-25T09:19:51,Londres → París,44,GBP,2026-09-20T16:25:00+01:00,2026-09-26T12:35:00+02:00,U2,8405,,Travelpayouts (cache)
2026-08-25T09:19:51,Londres → París,68,GBP,2026-10-01T16:30:00+01:00,2026-10-08T12:55:00+02:00,U2,8405,,Travelpayouts (cache)
2026-08-25T09:19:51,Londres → París,62,GBP,2026-11-16T11:35:00Z,2026-11-19T10:10:00+01:00,U2,5711,,Travelpayouts (cache)
2026-08-26T09:26:03,Londres → Ciudad de México,791,GBP,2026-08-28T10:00:00+01:00,2026-09-06T20:45:00-05:00,BY,64,,Travelpayouts (cache)
2026-08-26T09:26:03,Londres → Ciudad de México,644,GBP,2026-09-01T09:15:00+01:00,2026-09-11T06:37:00-05:00,BY,48,,Travelpayouts (cache)
2026-08-26T09:26:03,Londres → Ciudad de México,806,GBP,2026-10-10T12:40:00+01:00,2026-10-16T17:20:00-05:00,TS,123,,Travelpayouts (cache)
2026-08-26T09:26:03,Londres → Ciudad de México,611,GBP,2026-11-10T09:50:00Z,2026-11-25T08:40:00-06:00,EI,155,,Travelpayouts (cache)
2026-08-26T09:26:03,Londres → Bilbao,185,GBP,2026-08-29T18:00:00+01:00,2026-08-30T07:40:00+02:00,W9,5363,,Travelpayouts (cache)
2026-08-26T09:26:03,Londres → Bilbao,44,GBP,2026-09-12T18:00:00+01:00,2026-09-19T21:40:00+02:00,W9,5363,,Travelpayouts (cache)
2026-08-26T09:26:03,Londres → Bilbao,54,GBP,2026-10-16T18:00:00+01:00,2026-10-19T07:45:00+02:00,W9,5363,,Travelpayouts (cache)
2026-08-26T09:26:03,Londres → Madrid,97,GBP,2026-08-27T08:00:00+01:00,2026-09-03T17:40:00+02:00,W9,5355,,Travelpayouts (cache)
2026-08-26T09:26:03,Londres → Madrid,39,GBP,2026-09-28T06:00:00+01:00,2026-10-06T17:45:00+02:00,U2,8019,,Travelpayouts (cache)
2026-08-26T09:26:03,Londres → Madrid,37,GBP,2026-10-07T18:10:00+01:00,2026-10-14T22:20:00+02:00,U2,2365,,Travelpayouts (cache)
2026-08-26T09:26:03,Londres → Madrid,48,GBP,2026-11-28T21:30:00Z,2026-11-29T12:10:00+01:00,W4,5373,,Travelpayouts (cache)
2026-08-26T09:26:04,Londres → París,88,GBP,2026-08-31T18:15:00+01:00,2026-09-07T07:00:00+02:00,U2,8407,,Travelpayouts (cache)
2026-08-26T09:26:04,Londres → París,44,GBP,2026-09-20T16:25:00+01:00,2026-09-26T12:35:00+02:00,U2,8405,,Travelpayouts (cache)
2026-08-26T09:26:04,Londres → París,68,GBP,2026-10-09T11:20:00+01:00,2026-10-11T09:05:00+02:00,U2,4662,,Travelpayouts (cache)
2026-08-26T09:26:04,Londres → París,62,GBP,2026-11-16T11:35:00Z,2026-11-19T10:10:00+01:00,U2,5711,,Travelpayouts (cache)
2026-08-27T18:19:11,Londres → Ciudad de México,791,GBP,2026-08-28T10:00:00+01:00,2026-09-06T20:45:00-05:00,BY,64,,Travelpayouts (cache)
2026-08-27T18:19:11,Londres → Ciudad de México,644,GBP,2026-09-01T09:15:00+01:00,2026-09-11T06:37:00-05:00,BY,48,,Travelpayouts (cache)
2026-08-27T18:19:11,Londres → Ciudad de México,743,GBP,2026-10-15T12:40:00+01:00,2026-10-23T01:15:00-05:00,TS,123,,Travelpayouts (cache)
2026-08-27T18:19:11,Londres → Ciudad de México,611,GBP,2026-11-10T09:50:00Z,2026-11-25T08:40:00-06:00,EI,155,,Travelpayouts (cache)
2026-08-27T18:19:12,Londres → Bilbao,185,GBP,2026-08-29T18:00:00+01:00,2026-08-30T07:40:00+02:00,W9,5363,,Travelpayouts (cache)
2026-08-27T18:19:12,Londres → Bilbao,44,GBP,2026-09-12T18:00:00+01:00,2026-09-19T21:40:00+02:00,W9,5363,,Travelpayouts (cache)
2026-08-27T18:19:12,Londres → Bilbao,54,GBP,2026-10-16T18:00:00+01:00,2026-10-19T07:45:00+02:00,W9,5363,,Travelpayouts (cache)
2026-08-27T18:19:12,Londres → Madrid,185,GBP,2026-08-27T20:45:00+01:00,2026-09-03T13:55:00+02:00,FR,2628,,Travelpayouts (cache)
2026-08-27T18:19:12,Londres → Madrid,39,GBP,2026-09-28T06:00:00+01:00,2026-10-06T17:45:00+02:00,U2,8019,,Travelpayouts (cache)
2026-08-27T18:19:12,Londres → Madrid,37,GBP,2026-10-07T18:10:00+01:00,2026-10-14T22:20:00+02:00,U2,2365,,Travelpayouts (cache)
2026-08-27T18:19:12,Londres → Madrid,48,GBP,2026-11-28T21:30:00Z,2026-11-29T12:10:00+01:00,W4,5373,,Travelpayouts (cache)
2026-08-27T18:19:13,Londres → París,88,GBP,2026-08-31T18:15:00+01:00,2026-09-07T07:00:00+02:00,U2,8407,,Travelpayouts (cache)
2026-08-27T18:19:13,Londres → París,44,GBP,2026-09-20T16:25:00+01:00,2026-09-26T12:35:00+02:00,U2,8405,,Travelpayouts (cache)
2026-08-27T18:19:13,Londres → París,65,GBP,2026-10-09T19:00:00+01:00,2026-10-12T13:45:00+02:00,U2,8411,,Travelpayouts (cache)
2026-08-27T18:19:13,Londres → París,62,GBP,2026-11-16T11:35:00Z,2026-11-19T10:10:00+01:00,U2,5711,,Travelpayouts (cache)
2026-08-28T19:28:32,Londres → Ciudad de México,794,GBP,2026-08-29T12:40:00+01:00,2026-09-08T22:00:00-05:00,TS,123,,Travelpayouts (cache)
2026-08-28T19:28:32,Londres → Ciudad de México,702,GBP,2026-09-16T11:35:00+01:00,2026-09-27T06:15:00-05:00,TS,729,,Travelpayouts (cache)
2026-08-28T19:28:32,Londres → Ciudad de México,743,GBP,2026-10-15T12:40:00+01:00,2026-10-23T01:15:00-05:00,TS,123,,Travelpayouts (cache)
2026-08-28T19:28:32,Londres → Ciudad de México,611,GBP,2026-11-10T09:50:00Z,2026-11-25T08:40:00-06:00,EI,155,,Travelpayouts (cache)
2026-08-28T19:28:33,Londres → Bilbao,107,GBP,2026-08-31T18:00:00+01:00,2026-09-02T22:20:00+02:00,W9,5363,,Travelpayouts (cache)
2026-08-28T19:28:33,Londres → Bilbao,44,GBP,2026-09-12T18:00:00+01:00,2026-09-19T21:40:00+02:00,W9,5363,,Travelpayouts (cache)
2026-08-28T19:28:33,Londres → Bilbao,54,GBP,2026-10-16T18:00:00+01:00,2026-10-19T07:45:00+02:00,W9,5363,,Travelpayouts (cache)
2026-08-28T19:28:34,Londres → Madrid,312,GBP,2026-08-28T20:55:00+01:00,2026-08-30T06:00:00+02:00,KL,1016,,Travelpayouts (cache)
2026-08-28T19:28:34,Londres → Madrid,35,GBP,2026-09-14T05:55:00+01:00,2026-09-19T15:30:00+02:00,RK,2628,,Travelpayouts (cache)
2026-08-28T19:28:34,Londres → Madrid,37,GBP,2026-10-07T18:10:00+01:00,2026-10-14T22:20:00+02:00,U2,2365,,Travelpayouts (cache)
2026-08-28T19:28:34,Londres → Madrid,47,GBP,2026-11-28T21:30:00Z,2026-11-29T12:10:00+01:00,W4,5373,,Travelpayouts (cache)
2026-08-28T19:28:34,Londres → París,88,GBP,2026-08-31T18:15:00+01:00,2026-09-07T07:00:00+02:00,U2,8407,,Travelpayouts (cache)
2026-08-28T19:28:34,Londres → París,46,GBP,2026-09-21T19:40:00+01:00,2026-09-22T10:05:00+02:00,U2,2439,,Travelpayouts (cache)
2026-08-28T19:28:34,Londres → París,65,GBP,2026-10-09T19:00:00+01:00,2026-10-12T13:45:00+02:00,U2,8411,,Travelpayouts (cache)
2026-08-28T19:28:34,Londres → París,69,GBP,2026-11-16T11:35:00Z,2026-11-23T14:25:00+01:00,U2,5711,,Travelpayouts (cache)
2026-08-29T13:12:07,Londres → Ciudad de México,795,GBP,2026-08-31T16:55:00+01:00,2026-09-08T11:05:00-05:00,U2,7551,,Travelpayouts (cache)
2026-08-29T13:12:07,Londres → Ciudad de México,702,GBP,2026-09-16T11:35:00+01:00,2026-09-27T06:15:00-05:00,TS,729,,Travelpayouts (cache)
2026-08-29T13:12:07,Londres → Ciudad de México,605,GBP,2026-10-01T06:30:00+01:00,2026-10-11T11:05:00-05:00,FR,271,,Travelpayouts (cache)
2026-08-29T13:12:07,Londres → Ciudad de México,652,GBP,2026-11-10T14:50:00Z,2026-11-25T01:15:00-06:00,WS,1,,Travelpayouts (cache)
2026-08-29T13:12:08,Londres → Bilbao,107,GBP,2026-08-31T18:00:00+01:00,2026-09-02T22:20:00+02:00,W9,5363,,Travelpayouts (cache)
2026-08-29T13:12:08,Londres → Bilbao,44,GBP,2026-09-12T18:00:00+01:00,2026-09-19T21:40:00+02:00,W9,5363,,Travelpayouts (cache)
2026-08-29T13:12:08,Londres → Bilbao,54,GBP,2026-10-16T18:00:00+01:00,2026-10-19T07:45:00+02:00,W9,5363,,Travelpayouts (cache)
2026-08-29T13:12:08,Londres → Madrid,315,GBP,2026-08-29T20:00:00+01:00,2026-08-30T16:50:00+02:00,IB,726,,Travelpayouts (cache)
2026-08-29T13:12:08,Londres → Madrid,35,GBP,2026-09-14T05:55:00+01:00,2026-09-19T15:30:00+02:00,RK,2628,,Travelpayouts (cache)
2026-08-29T13:12:08,Londres → Madrid,37,GBP,2026-10-07T18:10:00+01:00,2026-10-14T22:20:00+02:00,U2,2365,,Travelpayouts (cache)
2026-08-29T13:12:08,Londres → Madrid,47,GBP,2026-11-28T21:30:00Z,2026-11-29T12:10:00+01:00,W4,5373,,Travelpayouts (cache)
2026-08-29T13:12:08,Londres → París,88,GBP,2026-08-31T18:15:00+01:00,2026-09-07T07:00:00+02:00,U2,8407,,Travelpayouts (cache)
2026-08-29T13:12:08,Londres → París,46,GBP,2026-09-21T19:40:00+01:00,2026-09-22T10:05:00+02:00,U2,2439,,Travelpayouts (cache)
2026-08-29T13:12:08,Londres → París,61,GBP,2026-10-05T16:20:00+01:00,2026-10-10T09:05:00+02:00,U2,8405,,Travelpayouts (cache)
2026-08-29T13:12:08,Londres → París,69,GBP,2026-11-16T11:35:00Z,2026-11-23T14:25:00+01:00,U2,5711,,Travelpayouts (cache)
2026-08-30T12:58:45,Londres → Ciudad de México,795,GBP,2026-08-31T16:55:00+01:00,2026-09-08T11:05:00-05:00,U2,7551,,Travelpayouts (cache)
2026-08-30T12:58:45,Londres → Ciudad de México,702,GBP,2026-09-16T11:35:00+01:00,2026-09-27T06:15:00-05:00,TS,729,,Travelpayouts (cache)
2026-08-30T12:58:45,Londres → Ciudad de México,605,GBP,2026-10-01T06:30:00+01:00,2026-10-11T11:05:00-05:00,FR,271,,Travelpayouts (cache)
2026-08-30T12:58:45,Londres → Ciudad de México,621,GBP,2026-11-08T21:35:00Z,2026-11-28T01:15:00-06:00,FR,8214,,Travelpayouts (cache)
2026-08-30T12:58:45,Londres → Bilbao,107,GBP,2026-08-31T18:00:00+01:00,2026-09-02T22:20:00+02:00,W9,5363,,Travelpayouts (cache)
2026-08-30T12:58:45,Londres → Bilbao,44,GBP,2026-09-05T18:00:00+01:00,2026-09-09T21:40:00+02:00,W9,5363,,Travelpayouts (cache)
2026-08-30T12:58:46,Londres → Madrid,35,GBP,2026-09-22T18:55:00+01:00,2026-09-25T22:30:00+02:00,FR,5996,,Travelpayouts (cache)
2026-08-30T12:58:46,Londres → Madrid,37,GBP,2026-10-07T18:10:00+01:00,2026-10-14T22:20:00+02:00,U2,2365,,Travelpayouts (cache)
2026-08-30T12:58:46,Londres → Madrid,47,GBP,2026-11-28T21:30:00Z,2026-11-29T12:10:00+01:00,W4,5373,,Travelpayouts (cache)
2026-08-30T12:58:46,Londres → París,88,GBP,2026-08-31T18:15:00+01:00,2026-09-07T07:00:00+02:00,U2,8407,,Travelpayouts (cache)
2026-08-30T12:58:46,Londres → París,49,GBP,2026-09-21T19:40:00+01:00,2026-09-22T10:05:00+02:00,U2,2439,,Travelpayouts (cache)
2026-08-30T12:58:46,Londres → París,65,GBP,2026-10-09T19:00:00+01:00,2026-10-12T13:45:00+02:00,U2,8411,,Travelpayouts (cache)
2026-08-30T12:58:46,Londres → París,71,GBP,2026-11-01T15:55:00Z,2026-11-07T10:30:00+01:00,U2,5711,,Travelpayouts (cache)
2026-08-31T15:10:42,Londres → Ciudad de México,795,GBP,2026-08-31T16:55:00+01:00,2026-09-08T11:05:00-05:00,U2,7551,,Travelpayouts (cache)
2026-08-31T15:10:42,Londres → Ciudad de México,702,GBP,2026-09-16T11:35:00+01:00,2026-09-27T06:15:00-05:00,TS,729,,Travelpayouts (cache)
2026-08-31T15:10:42,Londres → Ciudad de México,605,GBP,2026-10-01T06:30:00+01:00,2026-10-11T11:05:00-05:00,FR,271,,Travelpayouts (cache)
2026-08-31T15:10:42,Londres → Ciudad de México,621,GBP,2026-11-08T21:35:00Z,2026-11-28T01:15:00-06:00,FR,8214,,Travelpayouts (cache)
2026-08-31T15:10:42,Londres → Bilbao,107,GBP,2026-08-31T18:00:00+01:00,2026-09-02T22:20:00+02:00,W9,5363,,Travelpayouts (cache)
2026-08-31T15:10:42,Londres → Bilbao,44,GBP,2026-09-05T18:00:00+01:00,2026-09-09T21:40:00+02:00,W9,5363,,Travelpayouts (cache)
2026-08-31T15:10:42,Londres → Madrid,35,GBP,2026-09-22T18:55:00+01:00,2026-09-25T22:30:00+02:00,FR,5996,,Travelpayouts (cache)
2026-08-31T15:10:42,Londres → Madrid,40,GBP,2026-10-18T08:00:00+01:00,2026-10-20T12:30:00+02:00,W9,5355,,Travelpayouts (cache)
2026-08-31T15:10:42,Londres → Madrid,47,GBP,2026-11-28T21:30:00Z,2026-11-29T12:10:00+01:00,W4,5373,,Travelpayouts (cache)
2026-08-31T15:10:43,Londres → París,119,GBP,2026-08-31T17:00:00+01:00,2026-10-14T18:15:00+02:00,AF,1707,,Travelpayouts (cache)
2026-08-31T15:10:43,Londres → París,48,GBP,2026-09-15T19:10:00+01:00,2026-09-16T09:10:00+02:00,U2,2439,,Travelpayouts (cache)
2026-08-31T15:10:43,Londres → París,64,GBP,2026-10-02T18:00:00+01:00,2026-10-05T22:40:00+02:00,U2,8407,,Travelpayouts (cache)
2026-08-31T15:10:43,Londres → París,59,GBP,2026-11-19T14:45:00Z,2026-11-26T10:10:00+01:00,U2,8407,,Travelpayouts (cache)
2026-09-01T12:36:57,Londres → Ciudad de México,702,GBP,2026-09-16T11:35:00+01:00,2026-09-27T06:15:00-05:00,TS,729,,Travelpayouts (cache)
2026-09-01T12:36:57,Londres → Ciudad de México,605,GBP,2026-10-01T06:30:00+01:00,2026-10-11T11:05:00-05:00,FR,271,,Travelpayouts (cache)
2026-09-01T12:36:57,Londres → Ciudad de México,621,GBP,2026-11-08T21:35:00Z,2026-11-28T01:15:00-06:00,FR,8214,,Travelpayouts (cache)
2026-09-01T12:36:57,Londres → Ciudad de México,720,GBP,2026-12-25T09:00:00Z,2027-01-08T06:00:00-06:00,AC,869,,Travelpayouts (cache)
2026-09-01T12:36:57,Londres → Bilbao,44,GBP,2026-09-05T18:00:00+01:00,2026-09-09T21:40:00+02:00,W9,5363,,Travelpayouts (cache)
2026-09-01T12:36:57,Londres → Bilbao,47,GBP,2026-10-26T13:45:00Z,2026-10-29T17:25:00+01:00,W9,5363,,Travelpayouts (cache)
2026-09-01T12:36:58,Londres → Madrid,35,GBP,2026-09-22T12:30:00+01:00,2026-09-25T22:30:00+02:00,FR,2628,,Travelpayouts (cache)
2026-09-01T12:36:58,Londres → Madrid,40,GBP,2026-10-18T08:00:00+01:00,2026-10-20T12:30:00+02:00,W9,5355,,Travelpayouts (cache)
2026-09-01T12:36:58,Londres → Madrid,54,GBP,2026-11-28T16:15:00Z,2026-11-29T07:40:00+01:00,FR,499,,Travelpayouts (cache)
2026-09-01T12:36:58,Londres → Madrid,79,GBP,2026-12-21T21:30:00Z,2026-12-24T19:15:00+01:00,W4,5373,,Travelpayouts (cache)
2026-09-01T12:36:59,Londres → París,51,GBP,2026-09-15T19:10:00+01:00,2026-09-17T16:00:00+02:00,U2,2439,,Travelpayouts (cache)
2026-09-01T12:36:59,Londres → París,54,GBP,2026-10-05T16:20:00+01:00,2026-10-07T09:10:00+02:00,U2,8405,,Travelpayouts (cache)
2026-09-01T12:36:59,Londres → París,59,GBP,2026-11-19T14:45:00Z,2026-11-26T10:10:00+01:00,U2,8407,,Travelpayouts (cache)
2026-09-01T12:36:59,Londres → París,62,GBP,2026-12-04T16:40:00Z,2026-12-07T14:00:00+01:00,U2,2439,,Travelpayouts (cache)
2026-09-02T12:08:53,Londres → Ciudad de México,665,GBP,2026-09-26T09:40:00+01:00,2026-10-03T11:05:00-05:00,TS,283,,Travelpayouts (cache)
2026-09-02T12:08:53,Londres → Ciudad de México,605,GBP,2026-10-01T06:30:00+01:00,2026-10-11T11:05:00-05:00,FR,271,,Travelpayouts (cache)
2026-09-02T12:08:53,Londres → Ciudad de México,621,GBP,2026-11-08T21:35:00Z,2026-11-28T01:15:00-06:00,FR,8214,,Travelpayouts (cache)
2026-09-02T12:08:53,Londres → Ciudad de México,720,GBP,2026-12-25T09:00:00Z,2027-01-08T06:00:00-06:00,AC,869,,Travelpayouts (cache)
2026-09-02T12:08:53,Londres → Bilbao,51,GBP,2026-09-05T18:00:00+01:00,2026-09-09T21:40:00+02:00,W9,5363,,Travelpayouts (cache)
2026-09-02T12:08:53,Londres → Bilbao,47,GBP,2026-10-26T13:45:00Z,2026-10-29T17:25:00+01:00,W9,5363,,Travelpayouts (cache)
2026-09-02T12:08:54,Londres → Madrid,36,GBP,2026-09-22T12:30:00+01:00,2026-09-25T22:30:00+02:00,FR,2628,,Travelpayouts (cache)
2026-09-02T12:08:54,Londres → Madrid,35,GBP,2026-10-07T18:10:00+01:00,2026-10-14T22:20:00+02:00,U2,2365,,Travelpayouts (cache)
2026-09-02T12:08:54,Londres → Madrid,54,GBP,2026-11-28T16:15:00Z,2026-11-29T07:40:00+01:00,FR,499,,Travelpayouts (cache)
2026-09-02T12:08:54,Londres → Madrid,138,GBP,2026-12-23T11:25:00Z,2026-12-30T19:15:00+01:00,BA,7069,,Travelpayouts (cache)
2026-09-02T12:08:55,Londres → París,47,GBP,2026-09-28T19:40:00+01:00,2026-10-02T16:20:00+02:00,U2,2439,,Travelpayouts (cache)
2026-09-02T12:08:55,Londres → París,52,GBP,2026-10-01T18:40:00+01:00,2026-10-08T22:25:00+02:00,U2,8411,,Travelpayouts (cache)
2026-09-02T12:08:55,Londres → París,54,GBP,2026-11-13T13:40:00Z,2026-11-15T10:05:00+01:00,U2,8405,,Travelpayouts (cache)
2026-09-02T12:08:55,Londres → París,62,GBP,2026-12-04T16:40:00Z,2026-12-07T14:00:00+01:00,U2,2439,,Travelpayouts (cache)
2026-09-03T12:08:36,Londres → Ciudad de México,665,GBP,2026-09-26T09:40:00+01:00,2026-10-03T11:05:00-05:00,TS,283,,Travelpayouts (cache)
2026-09-03T12:08:36,Londres → Ciudad de México,605,GBP,2026-10-01T06:30:00+01:00,2026-10-11T11:05:00-05:00,FR,271,,Travelpayouts (cache)
2026-09-03T12:08:36,Londres → Ciudad de México,621,GBP,2026-11-08T21:35:00Z,2026-11-28T01:15:00-06:00,FR,8214,,Travelpayouts (cache)
2026-09-03T12:08:36,Londres → Ciudad de México,720,GBP,2026-12-25T09:00:00Z,2027-01-08T06:00:00-06:00,AC,869,,Travelpayouts (cache)
2026-09-03T12:08:36,Londres → Bilbao,51,GBP,2026-09-05T18:00:00+01:00,2026-09-09T21:40:00+02:00,W9,5363,,Travelpayouts (cache)
2026-09-03T12:08:36,Londres → Bilbao,47,GBP,2026-10-26T13:45:00Z,2026-10-29T17:25:00+01:00,W9,5363,,Travelpayouts (cache)
2026-09-03T12:08:37,Londres → Madrid,36,GBP,2026-09-22T12:30:00+01:00,2026-09-25T22:30:00+02:00,FR,2628,,Travelpayouts (cache)
2026-09-03T12:08:37,Londres → Madrid,35,GBP,2026-10-07T18:10:00+01:00,2026-10-14T22:20:00+02:00,U2,2365,,Travelpayouts (cache)
2026-09-03T12:08:37,Londres → Madrid,54,GBP,2026-11-28T16:15:00Z,2026-11-29T07:40:00+01:00,FR,499,,Travelpayouts (cache)
2026-09-03T12:08:37,Londres → Madrid,44,GBP,2026-12-05T15:15:00Z,2026-12-06T21:40:00+01:00,FR,5996,,Travelpayouts (cache)
2026-09-03T12:08:37,Londres → París,47,GBP,2026-09-28T19:40:00+01:00,2026-10-02T16:20:00+02:00,U2,2439,,Travelpayouts (cache)
2026-09-03T12:08:37,Londres → París,52,GBP,2026-10-01T18:40:00+01:00,2026-10-08T22:25:00+02:00,U2,8411,,Travelpayouts (cache)
2026-09-03T12:08:37,Londres → París,54,GBP,2026-11-13T13:40:00Z,2026-11-15T10:05:00+01:00,U2,8405,,Travelpayouts (cache)
2026-09-03T12:08:37,Londres → París,62,GBP,2026-12-04T16:40:00Z,2026-12-07T14:00:00+01:00,U2,2439,,Travelpayouts (cache)
2026-09-04T12:10:04,Londres → Ciudad de México,665,GBP,2026-09-26T09:40:00+01:00,2026-10-03T11:05:00-05:00,TS,283,,Travelpayouts (cache)
2026-09-04T12:10:04,Londres → Ciudad de México,605,GBP,2026-10-01T06:30:00+01:00,2026-10-11T11:05:00-05:00,FR,271,,Travelpayouts (cache)
2026-09-04T12:10:04,Londres → Ciudad de México,621,GBP,2026-11-08T21:35:00Z,2026-11-28T01:15:00-06:00,FR,8214,,Travelpayouts (cache)
2026-09-04T12:10:04,Londres → Ciudad de México,769,GBP,2026-12-28T15:00:00Z,2027-01-11T14:00:00-06:00,AC,857,,Travelpayouts (cache)
2026-09-04T12:10:04,Londres → Bilbao,51,GBP,2026-09-05T18:00:00+01:00,2026-09-09T21:40:00+02:00,W9,5363,,Travelpayouts (cache)
2026-09-04T12:10:04,Londres → Bilbao,47,GBP,2026-10-26T13:45:00Z,2026-10-29T17:25:00+01:00,W9,5363,,Travelpayouts (cache)
2026-09-04T12:10:05,Londres → Madrid,36,GBP,2026-09-22T12:30:00+01:00,2026-09-25T22:30:00+02:00,FR,2628,,Travelpayouts (cache)
2026-09-04T12:10:05,Londres → Madrid,30,GBP,2026-10-07T17:05:00+01:00,2026-10-14T22:20:00+02:00,U2,8017,,Travelpayouts (cache)
2026-09-04T12:10:05,Londres → Madrid,54,GBP,2026-11-28T16:15:00Z,2026-11-29T07:40:00+01:00,FR,499,,Travelpayouts (cache)
2026-09-04T12:10:05,Londres → Madrid,44,GBP,2026-12-05T15:15:00Z,2026-12-06T21:40:00+01:00,FR,5996,,Travelpayouts (cache)
2026-09-04T12:10:06,Londres → París,47,GBP,2026-09-28T19:40:00+01:00,2026-10-02T16:20:00+02:00,U2,2439,,Travelpayouts (cache)
2026-09-04T12:10:06,Londres → París,52,GBP,2026-10-01T18:40:00+01:00,2026-10-08T22:25:00+02:00,U2,8411,,Travelpayouts (cache)
2026-09-04T12:10:06,Londres → París,45,GBP,2026-11-13T16:40:00Z,2026-12-10T13:15:00+01:00,U2,2439,,Travelpayouts (cache)
2026-09-04T12:10:06,Londres → París,62,GBP,2026-12-04T16:40:00Z,2026-12-07T14:00:00+01:00,U2,2439,,Travelpayouts (cache)
